ProductID,CategoryID,ProductName,UnitPrice,UnitInStock
10,2,iPad Pro 2021,18500,10
9,1,iPhone 13 Pro Max,55000,3
8,4,Macbook Pro M1,45000,10
7,3,Huawei Smartwatch WATCH GT3,12500,5
6,2,iPad Pro 2021,18500,10
5,1,iPhone 13 Pro Max,55000,3
4,4,Macbook Pro M1,45000,10
3,3,Huawei Smartwatch WATCH GT3,12500,5
2,2,iPad Pro 2021,18500,10
1,1,iPhone 13 Pro Max,55000,3
